ensgene,SRR923920,SRR923921,SRR923923,SRR923924,SRR923925,SRR923927,SRR923926,SRR923929,SRR923928,SRR923930,SRR923931,SRR923933,SRR923932
ENSG00000000003,159,1508,2062,1369,1625,401,2024,1075,719,1104,1441,1125,1376
ENSG00000000005,0,0,17,7,0,0,0,7,8,0,6,6,2
ENSG00000000419,416,312,505,404,609,376,754,387,324,454,652,640,620
ENSG00000000457,529,507,718,851,687,722,599,705,689,855,1016,883,671
ENSG00000000460,214,197,330,279,249,213,217,281,220,184,379,383,269
ENSG00000000938,170,278,100,142,174,537,214,206,255,110,253,147,185
ENSG00000000971,1133,1200,705,622,1494,1330,1914,1113,1359,1298,1946,1968,1598
ENSG00000001036,1717,999,1266,1715,1212,1160,1403,915,827,742,891,583,892
ENSG00000001084,869,1041,1544,517,1361,873,1569,936,909,1187,1455,1854,1814
ENSG00000001167,782,561,715,527,498,392,598,318,528,564,687,495,408
ENSG00000001460,426,462,953,297,371,259,498,331,304,279,523,285,315
ENSG00000001461,6987,4585,23295,1076,6209,3368,8335,1623,2823,1379,4046,1397,2220
ENSG00000001497,1156,1636,1262,1591,1326,1110,1716,1996,1559,1222,1866,1543,2103
ENSG00000001561,415,201,425,257,541,257,753,189,188,489,314,322,458
ENSG00000001617,1304,1689,2437,1144,1356,896,3826,3316,561,2739,3143,3068,2008
ENSG00000001626,2,327,115,43,926,99,698,405,72,191,385,654,935
ENSG00000001629,835,851,747,637,796,749,816,878,776,600,860,858,729
ENSG00000001630,1011,800,4319,1004,1498,582,1608,519,679,721,673,622,858
ENSG00000001631,691,1054,1070,783,731,892,906,961,1173,1062,1406,928,867
ENSG00000002016,431,610,636,290,510,539,550,718,723,846,756,928,718
ENSG00000002079,1,33,0,1,6,12,8,8,47,7,6,7,3
ENSG00000002330,1583,1206,1139,1488,1583,1253,1336,857,899,1033,1052,1005,896
ENSG00000002549,1680,2550,1723,1173,1790,1106,3009,1299,2022,735,1481,1137,1367
ENSG00000002586,11731,8261,8745,8991,7845,9380,6662,7950,7014,5728,8405,6562,6990
ENSG00000002587,425,204,167,94,265,214,169,252,238,123,195,265,319
ENSG00000002726,8,424,14394,320,4155,28,785,765,43,184,972,48,702
ENSG00000002745,5,15,0,10,27,35,27,53,74,10,21,76,55
ENSG00000002746,51,59,232,25,168,69,47,64,59,12,98,73,103
ENSG00000002822,337,726,443,479,464,268,633,347,462,365,503,536,443
ENSG00000002834,3468,5232,3816,3298,2641,3002,4162,5157,4556,4252,4716,4237,4186
ENSG00000002919,744,669,675,537,657,590,785,526,699,594,702,491,515
ENSG00000002933,899,821,285,396,565,1270,450,648,1050,222,777,288,434
ENSG00000003056,2033,2371,2144,1242,2710,2480,3245,2584,1829,2544,3325,3094,3429
ENSG00000003096,78,198,260,100,268,134,243,364,313,355,441,554,526
ENSG00000003137,8,94,37,27,59,137,90,146,75,48,137,201,255
ENSG00000003147,2780,2565,2232,2736,1894,1480,2966,1199,2134,617,631,809,1086
ENSG00000003249,1764,1147,771,1516,269,933,956,478,932,335,196,343,267
ENSG00000003393,577,432,718,413,595,711,617,422,530,468,591,663,524
ENSG00000003400,499,499,326,374,328,462,406,576,454,513,496,446,451
ENSG00000003402,3250,5107,4235,3066,3995,3451,4513,4813,4985,3426,5037,4060,4659
ENSG00000003436,377,578,295,524,596,757,435,404,706,282,730,493,762
ENSG00000003509,352,350,351,414,410,415,448,442,422,265,405,449,423
ENSG00000003756,5409,6249,6554,6981,5150,6067,6335,6894,6534,6089,7795,6498,6474
ENSG00000003987,33,54,69,20,57,20,72,69,33,67,88,46,102
ENSG00000003989,711,464,685,313,1113,743,787,615,503,595,931,416,823
ENSG00000004059,4347,4433,2989,4005,3410,2796,3497,2179,3249,2139,2639,2356,2220
ENSG00000004139,2786,2807,2381,3378,1638,2042,2567,2222,1816,2061,2959,1903,2047
ENSG00000004142,4050,2883,3012,4253,2223,2422,2668,1961,1909,2029,2532,1322,1517
ENSG00000004399,1875,3362,2113,2570,1553,2239,2058,3772,3099,2140,3660,1981,3176
ENSG00000004455,2847,2688,3156,3820,2963,2441,3066,2719,1893,2141,2840,2152,1876
ENSG00000004468,626,1472,12031,2447,1468,209,2802,817,368,480,1501,105,377
ENSG00000004478,9432,6512,8692,4881,5954,7669,9551,4945,4116,4030,3785,3671,3518
ENSG00000004487,1648,2282,2264,3211,2462,1761,2846,2285,1941,2052,2716,2426,2581
ENSG00000004534,3450,4565,3560,8224,4159,4335,4753,6097,5645,3164,5112,3864,6658
ENSG00000004660,413,263,279,573,312,482,561,443,363,308,473,292,368
ENSG00000004700,710,651,815,309,855,690,726,485,773,539,803,721,796
ENSG00000004766,448,409,508,285,533,1318,513,443,428,354,526,496,706
ENSG00000004776,816,4279,5603,2496,2664,2335,1694,11868,6477,8712,9328,5355,4669
ENSG00000004777,171,644,301,401,176,163,243,867,450,377,440,402,607
ENSG00000004779,897,522,563,903,1300,669,1503,533,453,430,511,843,914
ENSG00000004799,63,172,216,81,293,151,242,180,175,251,800,361,500
ENSG00000004809,3,2,8,7,13,13,0,5,0,0,2,7,2
ENSG00000004838,109,415,23,34,37,17,72,72,120,34,38,49,73
ENSG00000004846,0,8,7,21,1,4,8,15,8,1,17,20,33
ENSG00000004848,21,264,11,18,89,27,212,9,70,79,36,244,169
ENSG00000004864,666,1042,676,804,614,654,722,533,721,434,444,347,514
ENSG00000004866,1192,1304,1111,1076,798,1193,933,1078,1097,865,953,711,824
ENSG00000004897,700,623,725,529,936,866,898,645,715,746,950,982,822
ENSG00000004939,8,3,2,0,5,8,5,1,15,1,8,0,0
ENSG00000004948,4,1,6,6,0,0,2,0,0,0,6,2,0
ENSG00000004961,343,331,437,503,455,381,496,390,309,492,429,317,269
ENSG00000004975,905,1678,1824,587,1090,992,1360,1503,1197,1424,1452,1312,1360
ENSG00000005001,61,325,415,198,478,115,384,660,106,423,388,731,574
ENSG00000005007,2001,3912,3559,4769,2735,1401,4363,2607,1894,2281,3455,2775,2829
ENSG00000005020,908,1045,385,494,729,1082,592,464,1079,802,659,781,605
ENSG00000005022,3568,3765,4814,6938,5993,3192,8133,3055,2552,2457,4216,4196,3551
ENSG00000005059,286,274,102,90,201,355,235,247,407,252,242,349,329
ENSG00000005073,463,602,439,588,429,561,497,683,532,585,753,476,534
ENSG00000005075,2887,2545,2598,2779,1503,2477,1784,2029,2129,1612,2129,1082,1258
ENSG00000005100,693,633,574,721,603,489,518,559,451,521,801,440,653
ENSG00000005102,148,266,95,252,112,161,276,159,324,90,115,75,158
ENSG00000005108,3092,391,211,161,712,743,209,430,563,482,745,569,661
ENSG00000005156,2739,2308,2117,2316,2252,1838,2455,1536,1651,1372,1836,1456,1510
ENSG00000005175,475,434,506,462,417,369,598,432,438,379,568,467,505
ENSG00000005187,465,1453,1069,2643,1310,526,2505,639,993,516,492,557,566
ENSG00000005189,440,586,553,422,482,265,791,279,177,107,166,92,171
ENSG00000005194,1298,1049,1385,1963,1033,943,1605,1101,767,729,1187,591,738
ENSG00000005206,378,1147,845,2050,866,364,1661,888,564,740,956,1272,1423
ENSG00000005238,1415,848,871,1023,703,806,712,693,634,430,804,466,574
ENSG00000005243,504,489,354,521,540,597,397,787,440,489,670,535,565
ENSG00000005249,329,760,523,238,738,338,597,416,878,635,828,782,694
ENSG00000005302,878,1212,815,618,888,911,732,846,1082,651,1291,861,839
ENSG00000005339,1907,4069,3279,3246,2421,1709,2847,3909,3325,3703,5314,4072,4293
ENSG00000005379,716,1621,931,1856,713,1049,959,2353,1551,1190,1723,1421,1925
ENSG00000005381,2,11,14,0,5,0,2,11,12,0,18,5,9
ENSG00000005421,2,34,176,20,10,3,8,18,13,17,21,2,10
ENSG00000005436,722,615,656,669,687,535,767,474,648,489,540,642,606
ENSG00000005448,571,502,378,460,304,467,298,506,532,426,509,343,396
ENSG00000005469,601,1709,1131,658,846,525,1049,538,1111,842,1118,915,641
ENSG00000005471,46,32,31,49,65,37,66,56,46,40,59,49,66
ENSG00000005483,6021,6168,6584,4272,6739,6586,6329,7439,9701,7788,7681,9184,10524
ENSG00000005486,3192,4588,4451,2892,3308,2120,3375,2696,2307,2609,2700,1417,1887
ENSG00000005513,37,65,40,40,64,57,21,111,91,13,113,72,90
ENSG00000005700,701,465,994,342,963,562,893,402,377,629,765,555,641
ENSG00000005801,637,530,809,814,707,419,909,715,497,632,831,670,558
ENSG00000005810,1370,1698,2237,770,2659,1297,2665,1732,1891,1777,2526,2470,2483
ENSG00000005812,937,1099,1810,551,2555,1186,1903,884,1236,1494,1511,2021,1993
ENSG00000005844,446,2912,193,596,362,983,868,1173,3328,71,1178,460,650
ENSG00000005882,1625,1930,2219,1502,1547,2070,1876,2558,1615,2378,3325,1876,2239
ENSG00000005884,1067,2265,2347,2350,1887,1575,2531,3872,1461,3297,4470,3665,3544
ENSG00000005889,1398,658,1132,1426,843,1068,701,600,605,798,925,645,778
ENSG00000005893,5446,3609,9469,2706,5752,3508,6185,2210,1791,2815,3364,2016,2711
ENSG00000005961,21,73,19,25,30,66,31,98,86,45,160,75,103
ENSG00000005981,0,3,0,0,5,0,2,1,0,0,2,0,0
ENSG00000006007,4725,2901,3759,3831,3820,3251,3977,2867,1784,1980,2776,2071,2247
ENSG00000006015,486,858,549,686,577,570,738,544,505,627,741,698,804
ENSG00000006016,157,331,62,163,143,88,138,108,206,138,77,103,85
ENSG00000006025,209,787,684,1228,536,364,938,1521,553,736,915,804,985
ENSG00000006042,2840,2247,4153,2430,3399,2107,2844,2856,1816,1952,2854,2300,2616
ENSG00000006047,13,61,140,12,67,2,49,96,30,76,44,34,56
ENSG00000006059,0,0,0,0,0,0,1,0,0,0,0,0,0
ENSG00000006062,352,1040,499,253,399,472,600,1134,874,744,1169,1143,850
ENSG00000006071,18,47,89,161,131,12,245,114,37,44,192,121,86
ENSG00000006116,0,0,0,0,0,0,0,0,0,0,0,0,0
ENSG00000006118,432,879,232,1473,336,308,636,675,778,205,415,212,142
ENSG00000006125,5816,7775,7692,5725,5240,5960,6921,6318,5579,6583,8361,4713,5452
ENSG00000006128,2,9,9,27,45,6,15,42,37,0,1,7,15
ENSG00000006194,1062,1013,1216,1316,1199,1322,1327,1270,873,1209,1313,1185,1181
ENSG00000006210,594,2097,1156,796,1272,816,1714,2988,2194,1842,3552,4190,3145
ENSG00000006282,3769,3564,2636,7207,3638,3730,2688,5021,3043,1957,3380,1966,3191
ENSG00000006283,363,70,448,59,200,393,220,111,64,80,510,85,127
ENSG00000006327,310,247,85,334,212,91,323,213,103,72,152,181,261
ENSG00000006377,9,15,9,80,14,40,11,28,9,28,0,30,29
ENSG00000006432,417,492,408,649,379,287,472,350,310,350,363,491,472
ENSG00000006451,675,756,635,587,1074,501,872,611,606,535,672,820,891
ENSG00000006453,5753,4885,4485,2696,2560,3080,3931,2428,3388,1868,1697,1212,1372
ENSG00000006459,478,682,369,594,452,474,481,306,469,414,376,436,470
ENSG00000006468,219,312,198,159,5303,296,229,198,458,490,325,319,385
ENSG00000006530,1239,1455,1178,1674,856,1182,1106,1112,1539,754,1366,1009,775
ENSG00000006534,184,300,115,131,262,398,205,284,258,252,440,342,346
ENSG00000006555,45,356,888,321,472,181,626,752,175,660,728,890,628
ENSG00000006576,156,212,167,119,229,250,210,231,254,230,360,227,284
ENSG00000006606,3,4,5,0,8,14,0,6,3,3,12,3,0
ENSG00000006607,1346,1496,1073,1515,1029,1097,1072,1517,1247,1089,1513,1056,1060
ENSG00000006611,0,0,5,48,9,13,20,17,6,16,54,0,5
ENSG00000006625,795,913,680,964,1217,793,1174,515,711,375,424,511,523
ENSG00000006634,209,325,191,239,282,124,272,166,187,156,139,181,190
ENSG00000006638,42,80,61,87,48,53,28,70,46,47,98,105,64
ENSG00000006652,1160,820,1073,887,965,845,1099,609,1008,512,725,889,1168
ENSG00000006659,0,0,0,0,0,0,5,0,0,0,0,0,0
ENSG00000006695,403,406,463,472,423,335,510,372,314,485,515,348,446
ENSG00000006704,685,1228,871,930,703,658,1151,1408,846,934,1075,1444,1045
ENSG00000006712,1587,2138,2464,2456,2036,1466,2799,2175,1749,1996,2392,2063,2363
ENSG00000006715,1146,1518,1446,1008,1599,1284,1415,1089,1414,1046,1504,1361,1314
ENSG00000006740,410,593,643,361,339,537,545,761,473,620,990,775,701
ENSG00000006744,1738,1948,2112,2958,1711,1523,2514,1860,1588,1430,2211,1665,1648
ENSG00000006747,145,628,261,151,208,159,857,226,92,88,160,141,180
ENSG00000006756,3237,2934,4869,8047,5233,2034,4499,2780,1911,2050,2572,2064,2536
ENSG00000006757,1064,536,922,749,844,697,830,608,457,516,801,446,602
ENSG00000006788,7,2,4,41,1,17,1,3,19,0,1,3,2
ENSG00000006831,2309,1467,2117,1003,1731,1497,2353,1484,1171,1324,1815,1374,1340
ENSG00000006837,75,60,72,107,97,77,71,78,134,94,104,132,103
ENSG00000007001,13,8,10,11,2,7,7,2,4,6,7,7,16
ENSG00000007038,0,99,322,22,170,16,140,104,39,279,277,127,215
ENSG00000007047,725,1074,1131,1307,770,789,968,1141,881,1022,1307,965,914
ENSG00000007062,10,55,261,16,787,102,436,91,62,194,245,322,246
ENSG00000007080,493,1202,1023,1652,1186,447,1626,548,393,1138,1274,1361,1072
ENSG00000007129,75,43,20,20,36,63,45,48,66,64,58,16,37
ENSG00000007168,2311,2100,3018,1712,2818,2286,2983,2617,2220,2406,3393,3089,2881
ENSG00000007171,3,4,5,9,65,24,60,95,0,4,43,66,43
ENSG00000007174,154,119,54,26,58,15,106,34,67,57,55,20,28
ENSG00000007202,4492,5664,7481,7302,4838,3117,7175,3038,3122,3498,6298,3889,4022
ENSG00000007216,0,9,0,12,0,9,3,5,38,6,32,2,3
ENSG00000007237,459,1027,436,548,506,732,515,1289,792,810,839,603,1113
ENSG00000007255,335,349,500,748,450,358,626,382,361,225,453,290,325
ENSG00000007264,51,110,20,60,87,50,226,41,126,40,54,82,55
ENSG00000007306,0,0,23,13,95,6,13,9,17,13,859,2,0
ENSG00000007312,94,312,98,125,100,111,112,140,798,79,139,63,108
ENSG00000007314,0,14,51,9,9,0,18,51,10,15,47,2,20
ENSG00000007341,622,470,543,654,712,878,696,624,620,755,792,738,701
ENSG00000007350,0,3,0,0,14,6,14,9,31,0,17,8,0
ENSG00000007372,42,44,59,29,61,32,52,111,35,50,116,63,116
ENSG00000007376,219,552,333,521,344,180,530,231,199,227,351,286,295
ENSG00000007384,2140,2820,2548,2705,1981,1672,2581,3097,1564,1605,2164,1821,2645
ENSG00000007392,880,1536,1654,1812,1887,1412,1994,2019,1768,1827,2207,2737,2732
ENSG00000007402,449,590,480,1176,486,372,730,629,399,483,806,555,500
ENSG00000007516,808,2097,908,1381,507,577,1180,944,1150,631,857,602,544
ENSG00000007520,1263,1378,1022,1416,1160,1059,1629,741,987,935,1030,1204,1012
ENSG00000007541,652,2048,1574,1726,1020,577,1564,1191,767,1046,1752,1018,1005
ENSG00000007545,640,1850,1479,1855,1124,592,1351,1816,1022,1470,1763,1902,1948
ENSG00000007866,1461,2432,2698,1902,1718,1541,1911,3945,1868,2602,3372,2652,2573
ENSG00000007908,22,80,67,43,101,18,108,92,106,65,61,82,65
ENSG00000007923,1072,1911,1520,2084,1332,966,1838,1677,1020,1630,1926,1489,1348
ENSG00000007933,150,96,14,68,30,47,30,49,72,38,45,100,32
ENSG00000007944,1447,1297,597,1171,1114,1693,1507,1504,1426,1793,1249,2122,1673
ENSG00000007952,3,7,2,3,20,2,15,27,17,20,85,69,23
ENSG00000007968,31,117,19,33,18,12,27,23,30,0,41,34,6
ENSG00000008018,2777,2118,2617,2545,3676,1865,4176,2133,1756,1563,2029,2552,2910
ENSG00000008056,60,61,32,38,43,38,30,160,120,71,76,73,44
ENSG00000008083,534,696,938,718,500,733,582,546,706,606,806,533,575
ENSG00000008086,1184,334,732,565,426,1167,789,415,256,544,564,382,434
ENSG00000008118,36,72,117,49,140,79,73,107,133,113,351,164,137
ENSG00000008128,827,1562,995,950,1392,854,1853,804,1550,1051,809,1971,2535
ENSG00000008130,1585,2136,2106,2448,1608,1335,1946,1776,1276,1031,1626,1149,1402
ENSG00000008196,0,0,3,0,2,50,2,0,3,0,9,0,3
ENSG00000008197,0,0,0,0,0,0,0,0,0,0,0,0,0
ENSG00000008226,1197,985,1484,1080,1921,944,2524,986,848,660,725,889,993
ENSG00000008256,1136,1873,709,1234,832,1347,870,1668,1724,1209,1455,1271,1650
ENSG00000008277,527,511,446,262,535,1041,589,944,1112,545,1398,1411,1133
ENSG00000008282,1500,2067,3092,1384,3406,1541,3608,1522,1634,2354,2724,4090,3924
ENSG00000008283,6725,5421,9352,6101,6469,3269,8469,3231,2193,2164,2327,2026,2539
ENSG00000008294,976,866,1091,922,1349,1028,1174,860,918,978,1617,1336,1345
ENSG00000008300,70,906,64,862,33,22,76,110,407,106,74,106,102
ENSG00000008311,116,143,124,50,199,145,175,185,275,144,261,337,277
ENSG00000008323,89,419,141,74,113,78,188,219,170,225,199,281,260
ENSG00000008324,1348,570,890,1224,1232,1005,920,532,564,425,669,456,624
ENSG00000008382,1060,1206,828,1325,916,833,1080,654,656,552,753,580,536
ENSG00000008394,11074,4239,5986,3648,4655,6137,3693,2690,2782,1673,3920,1080,1177
ENSG00000008405,173,263,398,208,261,189,488,181,126,264,313,381,421
ENSG00000008438,0,3,2,0,4,0,0,2,0,0,0,0,0
ENSG00000008441,3737,11124,11011,6551,3921,2882,6298,11499,6794,9728,11323,7668,7533
ENSG00000008513,1313,1246,953,929,893,1565,768,1751,1914,742,1884,801,1145
ENSG00000008516,108,261,101,188,122,172,146,231,259,62,112,149,186
ENSG00000008517,1831,3333,447,1024,1659,1920,1813,1374,3893,620,1463,1391,1713
ENSG00000008710,790,3808,2758,3165,1912,1490,2795,4033,2207,4305,5676,5850,5007
ENSG00000008735,517,941,93,455,166,368,117,153,397,103,132,107,69
ENSG00000008838,1583,2941,2597,2950,1537,1545,2462,3167,2054,2140,2929,2318,2296
ENSG00000008853,392,873,906,507,500,431,823,839,758,687,1057,587,833
ENSG00000008869,1228,1008,1338,1158,1078,1050,984,952,858,938,1269,736,880
ENSG00000008952,10187,5963,9433,7855,12493,9925,11046,8507,7634,7808,8607,11431,11369
ENSG00000008988,18370,12718,16591,14550,25429,24575,15801,15054,20694,15718,11300,21858,20529
ENSG00000009307,11206,10292,15246,10479,14421,11091,12052,11174,10253,13548,19591,14158,13436
ENSG00000009335,2476,1430,2621,2464,1851,1531,2314,1813,1404,1396,2285,1465,1408
ENSG00000009413,296,422,746,444,625,360,641,626,443,583,900,969,1040
ENSG00000009694,3654,694,561,374,558,499,1091,143,214,216,227,240,203
ENSG00000009709,0,0,0,0,0,4,0,0,0,0,2,0,0
ENSG00000009724,80,132,216,120,154,219,113,247,160,190,277,241,167
ENSG00000009765,47,59,33,82,5,9,42,2,35,7,4,0,0
ENSG00000009780,385,357,461,314,510,408,357,466,359,309,531,358,517
ENSG00000009790,316,1150,184,296,433,622,584,535,1594,162,634,296,282
ENSG00000009830,797,916,839,1278,777,708,768,1155,796,734,987,788,901
ENSG00000009844,643,737,1180,909,862,789,979,738,578,668,1024,736,712
ENSG00000009950,48,974,82,45,33,53,106,237,673,188,112,124,178
ENSG00000009954,3170,4999,3810,2863,4974,2699,4591,4252,4579,2890,3701,3991,4920
ENSG00000010017,2467,1407,2228,1732,1730,1567,1644,1199,1529,1208,1777,1239,1118
ENSG00000010030,281,368,107,21,58,123,252,208,319,120,162,252,166
ENSG00000010072,127,167,226,188,241,124,245,216,196,131,271,148,138
ENSG00000010165,688,697,1228,1230,933,776,1179,1073,716,744,1091,1027,902
ENSG00000010219,1297,662,961,667,977,1554,836,1017,690,709,975,635,692
ENSG00000010244,3943,4337,4987,4989,5019,4020,4538,4471,3954,3834,4720,4829,4422
ENSG00000010256,3524,3399,3375,5114,3788,2853,6283,3820,2854,2690,3318,3436,3230
ENSG00000010270,1985,1188,2172,1005,1656,972,1873,599,731,483,851,584,926
ENSG00000010278,10852,9501,23627,5649,17704,7776,20268,10873,5221,9633,10415,11994,10388
ENSG00000010282,0,6,6,0,0,7,5,6,0,19,11,3,0
ENSG00000010292,901,1715,1177,1075,931,774,1091,1361,968,1263,1828,1259,1094
ENSG00000010295,323,875,343,255,620,849,578,1121,874,545,798,756,919
ENSG00000010310,9,131,85,28,150,27,262,304,91,252,221,416,424
ENSG00000010318,186,221,166,133,164,140,210,169,179,220,174,168,139
ENSG00000010319,272,391,347,766,147,98,234,264,275,155,195,125,281
ENSG00000010322,3487,7118,6823,6972,4660,2911,6557,8020,4730,5840,8127,6475,7237
ENSG00000010327,1527,3122,665,1624,1319,1415,1663,3078,1502,719,1805,937,1659
ENSG00000010361,335,533,409,445,364,484,410,561,411,554,594,531,576
ENSG00000010379,12,9,37,6,34,16,12,59,0,1,28,45,67
ENSG00000010404,3381,4593,3820,2425,2608,4865,3194,5275,5031,5528,6268,4592,4093
ENSG00000010438,0,4,0,6,1,9,21,1,8,4,85,3,3
ENSG00000010539,396,185,301,308,294,339,253,254,343,227,351,230,278
ENSG00000010610,1322,2649,323,554,763,2483,1143,1237,2809,341,1299,410,704
ENSG00000010626,432,356,194,96,316,464,316,413,343,372,408,401,451
ENSG00000010671,167,287,73,112,188,240,168,137,594,42,203,101,200
ENSG00000010704,232,353,532,141,369,312,392,448,321,469,687,691,596
ENSG00000010803,2758,3318,3055,4454,2318,2352,2733,3432,2223,2680,3372,2261,2514
ENSG00000010810,985,1616,703,933,697,1319,930,1174,2643,684,1509,990,1051
ENSG00000010818,491,548,781,475,463,243,897,430,437,596,792,649,484
ENSG00000010932,52,48,14,18,59,15,70,35,40,53,75,45,39
ENSG00000011007,2393,2035,2192,2402,1600,1920,2143,1665,1803,1432,1848,1335,1581
ENSG00000011009,1048,1372,1287,1820,915,821,1139,952,718,718,963,654,562
ENSG00000011021,833,1623,1574,1474,794,1055,1142,1562,1222,1112,1761,1285,1289
ENSG00000011028,715,2749,1513,1461,1437,1243,1989,3730,2312,2083,4064,3347,3324
ENSG00000011052,7557,4844,5149,14370,11705,7451,11844,5188,5647,4574,4878,6984,6417
ENSG00000011083,1,5,1,3,0,4,3,4,11,14,8,3,6
ENSG00000011105,2098,2190,3647,1635,2744,1910,2639,2906,1440,1406,2517,2031,2641
ENSG00000011114,797,715,948,639,927,730,819,771,672,1030,1093,870,1106
ENSG00000011132,236,609,487,651,371,257,512,453,362,525,666,603,579
ENSG00000011143,334,456,570,819,392,380,484,633,393,514,584,507,501
ENSG00000011198,235,176,301,323,323,238,360,191,129,100,330,228,226
ENSG00000011201,61,153,433,128,204,106,148,130,153,101,276,148,252
ENSG00000011243,1522,2198,2131,3358,1929,1608,2556,3013,2223,1645,2298,2603,3095
ENSG00000011258,461,390,550,487,516,606,639,427,565,680,684,996,789
ENSG00000011260,486,365,368,774,532,383,696,330,339,328,396,503,542
ENSG00000011275,996,2343,1467,1542,1477,1030,1657,2040,1760,1407,2274,1781,2028
ENSG00000011295,2821,2062,3127,2486,2628,2457,2662,2131,2160,1922,2472,2214,2308
ENSG00000011304,4434,7585,6713,7507,4088,3740,5301,5992,4563,5838,6633,6124,5089
ENSG00000011332,52,39,7,44,35,13,47,51,56,11,26,8,69
ENSG00000011347,9745,8521,14559,11137,4501,5675,7333,4596,3210,3098,4314,539,1756
ENSG00000011376,605,866,951,1062,474,496,1156,502,553,439,695,568,392
ENSG00000011405,605,698,1093,394,1111,428,1037,605,770,885,741,1159,1258
ENSG00000011422,231,238,125,268,172,416,255,306,286,118,290,289,265
ENSG00000011426,59,62,20,70,59,0,42,14,24,0,30,30,9
ENSG00000011451,804,1941,1579,2115,1183,850,1214,1570,1088,1197,1834,1342,1288
ENSG00000011454,1779,1850,3382,1742,2329,1846,2489,2235,1586,2246,3026,2696,2602
ENSG00000011465,8874,18522,5764,6442,12190,20285,10454,12698,24556,20264,27923,15521,18237
ENSG00000011478,748,490,566,857,329,356,363,479,366,397,345,265,242
ENSG00000011485,1876,2699,2308,2922,1522,1657,2187,2203,1758,1577,2601,1528,1716
ENSG00000011523,707,700,854,527,976,961,676,960,982,1107,1465,1417,1705
ENSG00000011566,377,448,533,377,560,299,601,429,434,502,602,696,789
ENSG00000011590,17,54,5,18,14,11,5,48,36,2,36,11,14
ENSG00000011600,4425,3180,554,1002,1724,6524,1091,1863,2258,556,1691,330,662
ENSG00000011638,881,453,465,439,809,1025,761,511,366,599,785,1206,898
ENSG00000011677,11,0,11,0,0,21,34,3,0,12,23,0,18
ENSG00000012048,171,202,136,179,130,161,140,174,135,134,201,204,108
ENSG00000012061,3497,3034,3217,3111,2539,3432,3177,3579,3247,2880,3196,3366,3021
ENSG00000012124,100,745,140,207,150,305,97,104,2168,189,373,56,76
ENSG00000012171,284,926,759,812,760,547,856,1631,812,1293,1360,1441,2173
ENSG00000012174,417,363,612,297,563,328,509,252,482,328,454,325,371
ENSG00000012211,180,292,250,240,246,148,358,352,223,241,416,291,236
ENSG00000012223,70,19208,7307,867,60837,755,41763,19026,8612,3004,13024,9145,7323
ENSG00000012232,611,1007,1229,984,765,582,1250,1471,900,913,1535,1186,1215
ENSG00000012504,8,54,0,0,8,12,0,0,39,19,29,2,3
ENSG00000012660,3442,4391,14610,6597,5216,2553,8548,1705,2186,1855,3851,1497,2190
ENSG00000012779,937,1419,862,937,777,931,774,1026,1386,773,1089,929,628
ENSG00000012817,526,3050,2515,3099,2059,1647,2235,2791,2677,2404,3241,2512,2824
ENSG00000012822,3885,5603,3596,3717,3069,3639,4427,6821,4341,4339,6116,4693,6016
ENSG00000012963,1192,1132,1140,1089,1171,789,1445,824,957,865,1281,905,1008
ENSG00000012983,357,362,777,454,765,508,831,588,589,629,878,1147,1405
ENSG00000013016,487,714,430,528,432,516,534,913,800,469,1137,563,749
ENSG00000013275,3214,2948,3720,3366,2574,2550,3245,2615,2327,1898,2757,1798,1890
ENSG00000013288,2436,2639,4308,3025,2961,1745,3675,2640,2014,2031,4003,2266,2886
ENSG00000013293,2,25,7,1,16,33,15,72,61,0,76,36,56
ENSG00000013297,82,441,335,195,479,462,387,712,693,471,840,980,1157
ENSG00000013306,8362,5513,4359,4508,4047,6020,4869,3955,4022,2733,3385,1946,2218
ENSG00000013364,1115,4431,2336,1847,2752,1357,4055,4406,2868,2409,4277,4200,4027
ENSG00000013374,2697,4116,2824,2392,2216,2287,2861,2993,3524,2099,3151,2761,2605
ENSG00000013375,6431,2051,5368,2071,4936,3517,3708,1771,1227,2023,2282,1343,1720
ENSG00000013392,2162,805,1571,708,2140,1280,1527,753,420,828,812,464,726
ENSG00000013441,4678,5103,4827,4670,4564,6315,5166,6187,6632,6501,6477,6212,6604
ENSG00000013503,490,312,488,518,417,441,518,335,301,537,542,285,284
ENSG00000013523,787,1142,1162,1183,700,1121,898,1404,1136,1007,1167,863,1017
ENSG00000013561,769,651,1280,693,1306,695,1266,545,558,711,818,859,828
ENSG00000013563,1930,1798,1652,2015,1412,1819,1651,1307,1229,862,1379,850,881
ENSG00000013573,617,1297,595,893,821,1068,741,1211,1045,1008,1953,467,1874
ENSG00000013583,947,859,1231,943,1831,1249,1975,1461,812,1257,1466,1340,1650
ENSG00000013588,30,446,296,245,751,231,771,756,329,1075,1139,2050,1363
ENSG00000013619,159,234,372,157,311,186,201,365,290,301,771,192,382
ENSG00000013725,413,1131,87,216,156,346,345,512,1620,92,342,176,274
ENSG00000013810,337,950,134,632,239,253,272,294,506,149,332,101,220
ENSG00000014123,390,418,885,531,886,264,737,361,342,526,696,732,801
ENSG00000014138,297,526,366,397,322,292,402,522,375,511,729,460,438
ENSG00000014164,293,1106,795,844,362,341,651,737,603,597,803,517,500
ENSG00000014216,2814,6091,5309,4430,3670,2798,5849,8255,4136,6037,6996,6605,5093
ENSG00000014257,54086,63058,538449,32893,280134,42944,254448,18727,11116,48057,64727,3109,55172
ENSG00000014641,1666,1965,3599,2544,2906,2082,4319,2146,1842,2042,2632,2731,2524
ENSG00000014824,1374,1029,2020,1079,1987,1014,1682,644,803,873,1151,812,1144
ENSG00000014914,267,746,324,357,409,803,379,1221,950,623,1145,824,938
ENSG00000014919,1174,929,1016,705,1025,827,1247,860,772,914,1294,1060,949
ENSG00000015133,943,1786,1615,2107,1141,717,1764,2052,1316,912,1784,1217,1291
ENSG00000015153,413,378,388,389,546,333,471,340,461,239,349,492,650
ENSG00000015171,1784,1797,2928,1035,2643,2035,2185,2018,1891,2292,3474,2439,2291
ENSG00000015285,215,745,97,172,154,354,222,395,859,53,511,79,189
ENSG00000015413,167,16,3,231,2,28,84,45,34,25,21,17,12
ENSG00000015475,703,572,555,899,670,513,670,541,397,345,556,400,402
ENSG00000015479,3527,3923,5300,3098,6028,3447,5935,3462,4680,4518,4964,6071,6096
ENSG00000015520,14,37,32,16,2,29,40,29,13,49,116,29,56
ENSG00000015532,954,1562,1799,2888,1343,813,1778,2080,1068,1159,1873,1536,1472
ENSG00000015568,439,383,715,449,544,515,400,551,367,637,682,529,505
ENSG00000015592,3,0,0,1,0,25,3,0,0,0,0,0,3
ENSG00000015676,2672,4234,3250,2985,2847,2569,2951,3834,3789,2441,3729,2874,2810
ENSG00000016082,253,397,531,174,634,923,459,944,816,880,979,1171,1292
ENSG00000016391,3797,2138,1752,3576,1589,1733,2962,1634,1498,1129,746,1072,1421
ENSG00000016402,969,562,745,1012,667,588,841,558,333,837,636,820,651
ENSG00000016490,0,0,0,0,0,9,0,0,40,0,3,3,0
ENSG00000016602,0,42,98,1,128,30,56,159,37,138,464,226,67
ENSG00000016864,2305,1878,2202,2061,1901,1745,2280,1828,1769,1241,2155,1591,1873
ENSG00000017260,6217,2663,6319,3444,5969,2885,7343,1704,1692,2310,2296,2071,2875
ENSG00000017427,1540,2087,3039,584,3557,1487,1414,2521,1642,1593,3232,2545,3023
ENSG00000017483,36,156,118,51,155,222,112,411,225,63,543,185,184
ENSG00000017797,6647,3398,3397,3769,5969,6714,3087,4587,3480,4193,3805,4599,4060
ENSG00000018189,637,721,791,631,989,983,979,1002,1013,916,1093,1265,1539
ENSG00000018236,361,300,363,251,727,670,594,476,722,963,1364,1119,1465
ENSG00000018280,106,111,74,311,94,75,77,55,51,52,51,102,70
ENSG00000018408,492,973,1126,540,1025,532,968,847,951,1035,1719,1653,1653
ENSG00000018510,337,334,289,230,389,322,382,363,356,411,528,532,612
ENSG00000018607,0,0,2,0,0,0,0,0,1,0,5,0,0
ENSG00000018610,308,367,393,459,533,351,585,336,301,236,541,740,593
ENSG00000018625,114,639,1661,146,1260,256,1055,1427,691,779,2820,1135,1673
ENSG00000018699,296,264,358,368,397,224,430,352,245,275,321,520,463
ENSG00000018869,104,121,130,128,139,125,168,90,128,54,166,90,95
ENSG00000019102,3424,495,1339,1450,1229,2242,2356,1438,162,1971,1006,517,1007
ENSG00000019144,1608,3579,2507,2438,2634,2057,3035,5744,2876,2561,4275,3405,4517
ENSG00000019169,6,19,5,40,11,47,2,11,3,0,8,8,5
ENSG00000019186,0,15,6,2,31,21,33,38,23,4,11,116,18
ENSG00000019485,162,461,588,376,453,396,559,926,457,734,1085,704,834
ENSG00000019505,3,32,145,341,57,6,158,134,5,97,177,18,92
ENSG00000019549,396,423,1112,160,696,623,464,880,402,727,3032,904,761
ENSG00000019582,87009,157394,28378,36587,46614,114844,52177,121394,142812,31636,78757,34768,40839
ENSG00000019991,235,246,97,94,146,258,218,396,366,188,313,383,382
ENSG00000019995,1504,1144,1353,626,1360,1106,1132,1282,1301,1200,1689,1233,1529
ENSG00000020129,2261,1683,1330,2099,792,1293,1391,1425,1252,1062,1407,768,761
ENSG00000020181,2200,5719,6168,3335,4938,5160,4726,9261,6650,6047,12553,8030,11021
ENSG00000020219,0,6,0,3,0,0,0,0,14,0,11,0,0
ENSG00000020256,565,933,813,871,540,630,690,716,744,644,855,698,605
ENSG00000020426,506,301,414,470,676,478,545,383,353,317,500,513,487
ENSG00000020577,305,462,388,307,412,495,435,417,413,399,624,583,950
ENSG00000020633,315,1349,159,372,287,557,445,509,2056,226,691,387,338
ENSG00000020922,560,626,450,738,610,639,452,503,605,531,729,642,585
ENSG00000021300,2587,981,580,755,1004,2082,757,838,980,786,682,417,573
ENSG00000021355,533,737,408,235,1205,872,842,988,982,985,1319,1429,1311
ENSG00000021461,3,0,14,0,17,1,10,3,2,5,1,2,8
ENSG00000021488,56,72,24,25,64,40,27,55,64,13,41,25,73
ENSG00000021574,116,121,196,101,371,150,238,125,133,170,181,227,261
ENSG00000021645,503,434,356,170,320,709,368,772,354,408,726,805,724
ENSG00000021762,1416,1552,1577,2747,1090,1306,1664,1999,1126,1007,2015,1600,1335
ENSG00000021776,1348,1276,1457,1637,1091,1219,1102,1348,1014,1002,1537,886,960
ENSG00000021826,731,182,14,209,31,1015,33,39,57,62,81,62,62
ENSG00000021852,0,0,0,0,0,0,0,0,0,0,0,0,0
ENSG00000022267,3699,7456,6790,3025,7322,5524,5878,10325,9316,12964,16097,13707,11529
ENSG00000022277,1931,1781,2218,1816,2293,1818,2349,1867,1567,1570,2123,2109,2459
ENSG00000022355,10,1,9,1,0,0,2,1,0,0,0,0,0
ENSG00000022556,11,510,336,1,524,10,16,120,300,213,15,51,356
ENSG00000022567,494,983,917,713,496,383,788,1028,594,913,990,796,895
ENSG00000022840,4575,4208,4999,4946,4260,3588,5913,3926,3376,2831,4151,2979,4043
ENSG00000022976,598,798,560,616,542,572,710,604,762,487,598,620,627
ENSG00000023041,1722,1340,1516,785,1519,1271,1693,1469,1189,1254,1426,1215,1422
ENSG00000023171,67,215,142,232,95,207,157,183,213,51,247,197,106
ENSG00000023191,1671,3385,4371,3261,3464,2039,4626,2855,1611,3021,4150,3762,3252
ENSG00000023228,1652,1582,2629,2054,2002,1365,2638,1622,1333,1289,2185,1648,1717
ENSG00000023287,1468,1192,964,790,1975,1074,1530,818,1487,1079,1155,1877,1940
ENSG00000023318,2360,2444,3596,3934,2925,1802,3353,2232,1860,1586,2333,1772,1925
ENSG00000023330,906,1467,1887,1499,1075,844,1874,1359,1041,1211,1355,939,1068
ENSG00000023445,726,1737,394,504,1978,1193,1323,1209,3032,456,1357,1491,1525
ENSG00000023516,276,381,508,414,567,482,560,392,560,610,686,698,684
ENSG00000023572,126,103,398,427,329,245,506,221,83,85,82,95,162
ENSG00000023608,166,173,200,139,247,174,339,179,102,296,323,428,374
ENSG00000023697,338,295,404,209,403,333,465,308,286,229,462,445,473
ENSG00000023734,1227,1255,1792,1143,2282,1015,2396,1061,795,722,1693,1388,1677
ENSG00000023839,46,18,25,7,20,13,48,23,25,63,42,69,34
ENSG00000023892,1046,1543,824,668,817,902,1507,852,1501,714,978,1034,1038
ENSG00000023902,1077,1577,1149,1032,1297,1414,921,1688,1974,579,1755,1026,1275
ENSG00000023909,324,192,274,181,355,212,329,187,263,260,212,342,351
ENSG00000024048,1710,1435,1457,1221,1316,1531,1395,1304,1517,1179,1893,1355,1514
ENSG00000024422,1442,3319,3093,2341,2196,1752,2490,5478,2981,5019,5756,4998,5350
ENSG00000024526,76,104,24,28,192,0,71,28,30,10,32,2,64
ENSG00000024862,721,405,581,204,794,810,799,407,449,468,525,646,576
ENSG00000025039,345,409,1053,264,611,670,611,526,332,710,481,537,432
ENSG00000025156,221,299,476,495,363,334,378,494,430,414,639,603,672
ENSG00000025293,1654,1285,1174,1286,1874,1682,1566,1460,1664,1125,1477,1792,1741
ENSG00000025423,6484,2447,293,1938,668,1553,2819,533,1045,598,797,589,798
ENSG00000025434,1058,1295,871,669,773,1993,1092,1418,1154,775,983,938,1058
ENSG00000025708,565,1664,451,385,506,686,1334,724,992,320,541,772,508
ENSG00000025770,703,866,733,810,666,929,916,913,685,680,887,905,932
ENSG00000025772,809,1125,927,1346,1066,861,1397,1350,878,893,1226,1066,1102
ENSG00000025796,2090,1945,4145,3086,4437,1585,3793,2065,1980,1991,2857,2511,2914
ENSG00000025800,3072,2885,3797,3021,2958,2810,2927,3168,2699,2650,3369,2650,3027
ENSG00000026025,28062,24932,28434,18270,19434,38952,18565,29731,38262,23017,32874,30996,31161
ENSG00000026036,418,1076,678,961,615,493,889,956,590,764,1064,897,853
ENSG00000026103,404,522,414,476,395,644,344,636,657,732,1095,1044,547
ENSG00000026297,2951,2551,1827,3095,2350,4097,2747,3028,3343,2845,3084,2904,3426
ENSG00000026508,10253,4579,5920,8505,7049,8144,7016,5857,5686,6567,10571,6654,4644
ENSG00000026559,89,230,287,233,125,115,129,351,173,448,246,225,149
ENSG00000026652,122,312,227,155,333,304,267,414,401,207,419,488,674
ENSG00000026751,243,1061,80,141,174,1048,349,763,693,48,480,244,159
ENSG00000026950,2837,4976,1907,1288,1599,2702,2223,3478,4499,2294,3502,2594,2657
ENSG00000027001,6094,2013,1119,517,1172,3437,2710,470,1461,187,585,362,268
ENSG00000027075,1579,1183,2059,1222,1387,980,1810,994,1310,801,1359,883,1144
ENSG00000027644,0,25,6,19,2,8,29,58,54,209,108,45,28
ENSG00000027697,1337,1719,2270,2220,2219,1563,2044,1425,1361,1264,2467,1729,1884
ENSG00000027847,1168,1000,889,1446,849,820,1091,911,612,743,1069,658,655
ENSG00000027869,38,155,38,59,42,49,62,51,151,23,78,44,49
ENSG00000028116,398,560,475,578,567,375,592,484,571,511,578,564,588
ENSG00000028137,641,1424,338,373,541,880,649,776,1253,464,772,571,565
ENSG00000028203,1358,1056,1801,1035,1414,1451,1313,1296,1371,1206,1656,1223,1465
ENSG00000028277,416,1795,424,904,653,514,545,1221,3029,335,983,511,678
ENSG00000028310,860,1186,950,1295,1214,1072,1355,1379,1263,1061,1303,1560,1724
ENSG00000028528,3299,4150,4793,4704,4288,3440,5032,4698,3075,3137,5283,3926,3720
ENSG00000028839,2660,1338,2092,756,1714,1834,2335,674,889,790,988,761,1113
ENSG00000029153,38,70,17,15,75,53,105,72,85,24,122,161,70
ENSG00000029363,2563,2120,2832,2345,3586,2636,3416,2422,2788,2442,2972,3444,3532
ENSG00000029364,3502,2423,4239,3136,3252,2489,2629,2166,1632,2174,3251,1629,1583
ENSG00000029534,114,146,37,96,38,91,152,97,102,74,94,83,31
ENSG00000029559,0,0,0,10,5,0,0,0,0,0,0,0,0
ENSG00000029639,220,205,175,270,194,256,250,210,162,272,222,236,259
ENSG00000029725,2371,1286,2115,2128,2774,1871,2538,1786,1317,1687,1599,1639,1679
ENSG00000029993,464,554,472,574,545,227,610,289,286,198,316,269,546
ENSG00000030066,560,674,876,777,825,687,818,840,854,877,1065,1267,1072
ENSG00000030110,520,536,469,669,420,445,525,387,401,345,551,249,283
ENSG00000030304,6,5,1,0,9,1,2,0,4,0,11,10,3
ENSG00000030419,92,106,93,109,96,81,153,156,91,222,131,453,196
ENSG00000030582,7453,11785,8722,5407,8394,8283,9740,5859,6105,6658,7905,5844,5520
ENSG00000031003,1145,1258,1373,892,1249,1313,1192,1199,1031,1394,2343,1277,1130
ENSG00000031081,473,730,506,573,443,475,506,824,901,386,734,603,809
ENSG00000031691,57,101,75,79,89,92,103,50,126,108,96,119,124
ENSG00000031698,3599,4114,4112,3743,4621,3946,4462,4241,3603,3584,4509,4037,3918
ENSG00000031823,1456,2511,2762,2662,1895,1722,2051,2312,1982,2263,3041,2036,1834
ENSG00000032219,1104,977,1046,784,2003,1136,1546,1121,1848,1413,1238,2649,2454
ENSG00000032389,834,564,674,749,727,640,930,520,421,376,536,454,369
ENSG00000032444,827,2155,1288,1693,1068,816,1712,1577,1426,1118,2039,1802,1877
ENSG00000032742,355,337,348,392,365,418,349,286,288,336,319,407,442
ENSG00000033011,1151,1065,1007,1142,1080,755,1002,933,695,527,787,591,505
ENSG00000033030,661,819,874,758,730,935,800,916,1055,875,1062,1004,1116
ENSG00000033050,1185,1452,1438,1374,1113,711,1499,1480,1097,809,1341,872,1152
ENSG00000033100,1140,1345,1185,2188,989,786,1360,1288,928,801,1031,781,867
ENSG00000033122,134,46,54,139,43,192,64,32,36,75,59,18,31
ENSG00000033170,541,504,417,383,378,632,396,548,565,540,794,518,515
ENSG00000033178,394,409,607,306,682,373,680,407,384,419,444,555,485
ENSG00000033327,460,870,243,440,435,479,402,787,619,470,853,484,843
ENSG00000033627,2803,3873,4655,3048,2342,2846,2804,3515,2981,2762,3937,2286,2697
ENSG00000033800,1638,2255,2482,1406,2067,1803,1775,2432,2036,2133,2648,2050,2093
ENSG00000033867,296,320,331,419,498,505,390,269,468,307,446,690,833
ENSG00000034053,251,481,158,797,106,142,200,236,400,98,330,110,94
ENSG00000034152,937,856,1037,1146,1021,775,1045,1188,931,472,1003,860,843
ENSG00000034239,3,66,173,26,169,84,79,108,48,95,268,158,222
ENSG00000034510,46521,25995,8522,18352,17430,39015,7387,16853,45964,7835,12753,4720,5909
ENSG00000034533,1286,547,741,517,625,800,619,664,439,636,603,359,479
ENSG00000034677,572,899,799,490,977,640,862,874,1135,993,1421,1208,1265
ENSG00000034693,398,402,856,431,516,328,618,433,388,389,584,415,363
ENSG00000034713,1571,1026,1593,1354,3249,1575,3113,1019,961,872,1216,2085,2386
ENSG00000034971,162,197,96,36,341,402,143,125,492,685,279,829,153
ENSG00000035115,458,858,953,2265,1108,754,1145,1660,760,1027,1328,1256,1169
ENSG00000035141,1923,1484,1803,2225,1879,1510,2159,1539,1048,1066,1387,1198,1251
ENSG00000035403,4545,7340,8274,3985,6123,6573,5168,9117,7569,9071,16945,9553,9127
ENSG00000035499,15,55,0,35,28,25,12,4,5,0,17,0,8
ENSG00000035664,238,467,231,376,320,325,487,473,322,801,317,583,470
ENSG00000035681,568,1495,1159,1089,1269,583,1072,598,1031,818,1306,923,862
ENSG00000035687,687,718,1463,1027,977,521,1219,741,718,896,970,987,917
ENSG00000035720,6,199,10,120,22,60,88,28,209,7,35,25,34
ENSG00000035862,7228,10510,5918,6419,8139,10417,8080,13459,12340,9090,16465,12753,17106
ENSG00000035928,1199,1095,1249,801,1928,954,1830,970,1116,1138,1441,1776,1982
ENSG00000036054,520,464,516,342,703,638,630,420,510,556,646,660,582
ENSG00000036257,1915,1731,2498,1889,2377,1770,2570,1659,1697,1523,2222,2022,2115
ENSG00000036448,93,109,133,61,77,90,156,192,102,113,187,103,77
ENSG00000036473,0,9,0,0,0,0,0,0,6,0,2,8,5
ENSG00000036530,158,148,185,97,172,206,228,152,120,164,168,149,233
ENSG00000036549,821,636,819,649,814,1009,828,594,695,720,975,752,717
ENSG00000036565,5,9,0,10,3,5,16,16,3,31,68,0,3
ENSG00000036672,32,39,68,39,29,42,44,138,77,167,114,99,107
ENSG00000036828,0,1,2,0,0,0,6,0,0,12,5,15,19
ENSG00000037042,382,1088,885,868,1004,971,1021,2204,1262,1452,2162,1627,1488
ENSG00000037241,407,253,234,348,382,276,493,301,247,257,295,239,280
ENSG00000037280,164,503,492,669,302,159,448,626,324,290,521,280,577
ENSG00000037474,1086,1073,1659,1793,1158,1216,1445,1226,1101,1252,1403,1063,1059
ENSG00000037637,2156,1573,1790,1476,1547,1627,1664,1537,1066,1056,1514,1334,1280
ENSG00000037749,45,61,60,39,68,45,58,51,41,55,45,39,22
ENSG00000037757,970,1345,1445,1255,906,1026,867,1873,965,1311,1245,1304,1181
ENSG00000037897,720,516,621,862,525,502,607,547,334,416,464,416,372
ENSG00000037965,8,9,8,0,2,22,1,31,15,2,0,1,16
ENSG00000038002,574,395,826,895,554,358,781,375,360,335,460,379,314
ENSG00000038210,156,160,211,118,415,80,396,131,128,136,112,242,199
ENSG00000038219,3708,3294,3032,2707,4118,3596,4588,3769,5709,3564,3690,6075,5564
ENSG00000038274,827,1502,2100,754,1512,1052,1718,1368,1418,1647,2273,2267,1999
ENSG00000038295,47,43,51,24,83,46,38,49,78,86,29,48,81
ENSG00000038358,777,1914,1625,1960,1589,719,2113,1965,1267,1629,1846,2213,2005
ENSG00000038382,1168,1686,1698,1320,1345,1039,1771,1423,1254,1026,2077,1688,1725
ENSG00000038427,3720,1287,255,1894,681,1612,706,1172,1405,407,2867,719,1509
ENSG00000038532,550,1099,1171,1503,808,554,1037,964,720,710,1189,824,881
ENSG00000038945,622,403,51,123,115,638,152,113,165,122,199,31,107
ENSG00000039068,6322,8193,19135,11958,9434,3532,10818,5450,3451,6975,10129,6164,7151
ENSG00000039123,3547,3501,9609,5156,8529,2923,4558,3066,2168,2614,3101,1973,2280
ENSG00000039139,2651,165,159,127,408,322,657,57,173,0,51,116,88
ENSG00000039319,466,632,1004,759,1080,852,844,571,556,787,934,894,811
ENSG00000039523,1018,2594,1997,2375,1139,1381,1504,3604,2420,1998,2333,1690,2206
ENSG00000039537,15,9,26,0,43,24,15,56,65,6,79,121,55
ENSG00000039560,999,626,539,672,546,511,592,704,828,767,839,811,679
ENSG00000039600,0,3,16,14,10,1,2,0,3,0,5,2,6
ENSG00000039650,2938,3096,2427,3951,2498,2075,3121,2532,2087,1836,1965,2099,2505
ENSG00000039987,5,7,0,14,6,8,28,36,15,33,17,45,23
ENSG00000040199,622,365,387,398,414,353,476,377,313,325,450,427,536
ENSG00000040275,195,214,115,202,210,157,117,151,201,100,175,204,130
ENSG00000040341,583,835,776,530,544,497,754,519,790,747,697,567,526
ENSG00000040487,340,509,487,494,363,351,466,409,230,331,372,343,295
ENSG00000040531,743,920,992,1119,838,552,793,799,574,539,717,585,622
ENSG00000040608,23,112,148,101,52,85,90,51,21,122,97,103,43
ENSG00000040633,1708,1372,2273,1007,1804,1415,1275,1192,1015,1153,1183,755,989
ENSG00000040731,0,99,171,79,108,90,64,117,154,86,475,150,246
ENSG00000040933,752,1003,587,679,673,1058,742,816,980,501,977,733,658
ENSG00000041353,2264,714,2004,833,1240,1147,1308,423,369,930,927,459,636
ENSG00000041357,3224,2717,3986,2946,5226,2592,4798,2866,2706,1647,2173,2899,3017
ENSG00000041515,11,49,55,10,30,30,19,28,65,84,36,30,69
ENSG00000041802,927,1586,1508,1562,1437,936,1480,1341,1275,1070,1441,1192,1410
ENSG00000041880,559,1457,1138,951,792,833,1289,2720,1012,1223,2341,1502,1072
ENSG00000041982,1416,5582,5865,2047,3651,1897,4117,7964,4093,1227,7176,4675,5552
ENSG00000041988,820,1496,1065,1475,1302,769,1315,1299,858,1317,1480,1370,1209
ENSG00000042062,51,190,146,208,198,117,175,304,271,83,374,193,288
ENSG00000042088,395,584,484,524,383,441,326,420,615,368,462,256,365
ENSG00000042286,144,430,367,248,377,291,386,336,404,325,569,337,470
ENSG00000042304,0,0,0,0,0,0,0,0,0,0,0,0,0
ENSG00000042317,215,225,284,216,312,333,259,279,281,207,302,336,314
ENSG00000042429,554,544,662,762,668,493,775,529,500,871,696,784,668
ENSG00000042445,2038,1778,3845,2613,2486,1474,3183,1801,1013,1652,2326,1307,1538
ENSG00000042493,834,1221,1739,597,1328,2581,1401,1181,1451,1886,1638,1540,1058
ENSG00000042753,5084,4162,3282,5367,1933,2958,3610,1652,1723,1755,2822,974,918
ENSG00000042781,5,6,6,7,0,12,8,15,3,9,11,20,6
ENSG00000042813,0,0,0,0,1,0,3,0,0,0,0,1,0
ENSG00000042832,14,87,76,17,151,50,112,94,38,202,146,130,179
ENSG00000042980,389,467,134,130,212,355,333,266,784,172,446,278,180
ENSG00000043039,59,178,118,283,108,47,263,342,130,583,609,857,364
ENSG00000043093,454,325,433,352,575,507,624,352,373,278,500,549,671
ENSG00000043143,991,3016,1571,847,1365,1398,1612,2520,2425,2097,3226,2599,2654
ENSG00000043355,211,215,2,24,61,189,156,0,90,0,0,0,5
ENSG00000043462,1117,2246,333,597,609,1330,876,1003,2800,262,1558,602,735
ENSG00000043514,453,539,744,598,659,368,817,609,385,590,696,747,549
ENSG00000043591,334,378,352,302,479,170,462,95,135,109,104,180,196
ENSG00000044012,0,0,0,0,0,3,9,0,0,0,92,0,0
ENSG00000044090,1217,1908,1789,2553,1636,959,1887,1901,1312,1158,1921,1771,1452
ENSG00000044115,5400,8023,10604,8023,7327,4534,9821,7763,5833,6776,10223,7949,7605
ENSG00000044446,2871,1613,1581,2049,1188,2208,1958,2126,1397,1627,2065,1655,1600
ENSG00000044459,377,292,316,348,944,461,291,488,429,420,442,634,658
ENSG00000044524,643,605,649,339,1235,949,977,514,819,863,2177,1073,1482
ENSG00000044574,8937,8844,16406,20510,13282,4608,17515,6601,5419,5714,7300,6877,6995
ENSG00000046604,1123,1260,3229,1433,2666,1005,1809,984,884,2019,1509,1411,1098
ENSG00000046647,549,502,650,611,450,696,532,684,558,411,600,420,330
ENSG00000046651,1495,1180,1585,1318,1573,1236,1879,1306,1470,1009,1275,1387,1896
ENSG00000046653,259,505,832,337,1032,511,679,1251,945,1148,1809,1252,1828
ENSG00000046774,21,1,0,0,0,152,0,0,3,0,0,0,0
ENSG00000046889,116,145,137,106,171,202,178,188,187,193,397,248,293
ENSG00000047056,390,564,808,633,712,392,832,454,496,491,755,679,481
ENSG00000047188,633,743,768,704,654,626,595,591,630,448,738,733,779
ENSG00000047230,1329,965,1117,852,935,959,1203,1000,756,1067,1048,905,836
ENSG00000047249,1041,1138,1352,1015,1161,915,1669,847,841,977,1092,975,829
ENSG00000047315,2477,2394,2417,2664,2985,2393,3302,2088,2175,2140,2812,2500,2852
ENSG00000047346,1799,1348,1351,1992,1755,1642,1369,1541,1252,1130,1552,1051,1241
ENSG00000047365,214,286,138,146,133,153,199,194,363,141,195,234,228
ENSG00000047410,1915,2283,2460,2765,2684,1986,3045,3059,2508,2214,3467,3141,2950
ENSG00000047457,360,1912,201,311,1368,530,1944,1426,1391,456,851,1868,2503
ENSG00000047578,1374,2040,2497,1967,959,821,1595,1493,1106,1124,1747,876,1023
ENSG00000047579,510,467,395,591,691,526,681,505,581,544,574,588,554
ENSG00000047597,0,31,174,72,51,7,78,52,24,48,69,45,60
ENSG00000047617,59,20,34,45,20,49,55,55,23,51,39,33,71
ENSG00000047621,625,447,627,334,506,616,639,376,363,351,589,374,482
ENSG00000047634,153,279,379,195,328,268,400,325,351,335,330,556,456
ENSG00000047644,1451,1625,1565,1482,895,1240,1182,1914,1457,1547,1826,1505,1595
ENSG00000047648,1942,1286,2308,1431,1896,1493,1991,1068,925,1996,1518,1072,1548
ENSG00000047662,162,367,301,244,379,349,354,334,268,476,521,514,446
ENSG00000047849,3372,9438,5830,7365,4401,3523,6173,8401,7455,5295,9031,5796,7477
ENSG00000047932,465,465,700,564,751,589,790,622,615,846,1098,1052,1005
ENSG00000047936,12,4,2,9,0,0,0,0,0,0,1,0,0
ENSG00000048028,730,828,867,656,714,795,668,885,619,1195,1163,666,829
ENSG00000048052,113,272,278,122,331,345,197,290,352,436,605,462,396
ENSG00000048140,1032,1074,1004,1523,983,666,1277,994,672,550,960,560,755
ENSG00000048162,1412,1063,1129,1795,1287,1574,1457,1366,1090,1028,1268,1323,1015
ENSG00000048342,437,482,513,565,574,569,410,560,453,611,921,560,576
ENSG00000048392,313,323,375,167,631,342,405,221,285,289,411,373,423
ENSG00000048405,389,271,386,380,359,394,304,243,274,243,334,287,295
ENSG00000048462,17,37,0,1,9,8,16,141,65,0,26,91,3
ENSG00000048471,605,863,558,636,652,812,557,628,848,695,988,653,772
ENSG00000048540,251,174,200,133,313,664,338,369,564,464,726,545,489
ENSG00000048544,1138,955,1241,1107,1085,943,1313,851,888,851,1282,983,859
ENSG00000048545,2,1,0,0,0,3,0,0,0,0,6,0,0
ENSG00000048649,2391,2119,2048,2194,3890,2374,3630,2752,3715,2722,3053,5647,5471
ENSG00000048707,1568,2973,2220,1720,2148,1566,2930,3195,1926,2724,3258,4718,4046
ENSG00000048740,646,1230,1238,403,1001,1171,733,1076,1629,1113,1926,833,969
ENSG00000048828,2556,3975,5041,3031,3310,2158,4064,2334,2813,3552,4203,2900,2505
ENSG00000048991,881,942,1091,1210,776,761,797,935,888,827,1252,610,750
ENSG00000049089,2071,979,584,2911,13850,1539,1484,982,830,837,707,717,894
ENSG00000049130,145,212,262,58,418,114,256,167,168,264,440,616,606
ENSG00000049167,113,116,145,157,195,81,159,143,105,80,154,188,154
ENSG00000049192,43,62,44,42,44,66,35,45,72,24,62,61,73
ENSG00000049239,1555,4014,3711,2093,2574,1725,2654,4866,3006,3870,4152,3812,4369
ENSG00000049245,3334,3223,3525,2008,3271,3726,3349,3941,3115,2990,4298,3498,3242
ENSG00000049246,729,827,1046,278,952,741,791,1014,1251,759,2122,1041,1344
ENSG00000049247,186,226,400,99,204,222,204,339,379,243,695,252,279
ENSG00000049249,32,116,8,3,6,37,20,15,115,0,17,21,31
ENSG00000049283,1344,1054,1546,3076,1157,1100,1746,1016,342,1001,986,802,783
ENSG00000049323,2453,2145,1557,1991,2884,2880,2757,2121,2596,3589,5016,3650,4399
ENSG00000049449,4512,3369,5053,4321,4589,3040,4849,3461,2754,2278,3003,2867,3153
ENSG00000049540,4006,4382,1011,4546,3095,1953,3232,4127,2813,2353,4063,2779,4792
ENSG00000049541,602,823,351,565,420,789,534,542,478,575,550,520,423
ENSG00000049618,2437,2259,3242,2340,2192,2301,2538,2710,2675,3332,4088,3135,2466
ENSG00000049656,3104,2674,2988,2959,2749,1861,3432,2092,1793,1478,2277,1572,1623
ENSG00000049759,21843,7098,6406,10962,11654,12847,9029,3137,3874,5660,3919,3491,4655
ENSG00000049768,138,266,60,187,85,184,164,142,311,22,113,34,64
ENSG00000049769,86,137,68,86,117,75,124,117,112,85,104,122,150
ENSG00000049860,2441,3154,4364,5342,6504,3096,3526,2579,2241,3161,2929,2347,2780
ENSG00000049883,187,355,337,339,339,278,284,333,243,290,565,228,233
ENSG00000050030,102,35,126,58,59,38,106,60,37,86,70,37,69
ENSG00000050130,1610,1036,2318,1554,1392,1101,1641,1025,928,882,1475,977,1087
ENSG00000050165,2349,2363,2563,1879,3513,3242,3363,4596,2891,3617,6453,3629,4849
ENSG00000050327,525,852,1123,497,675,228,858,757,420,548,683,552,701
ENSG00000050344,251,554,99,416,249,237,344,409,672,135,343,227,217
ENSG00000050393,647,369,972,598,858,489,971,461,340,458,558,396,452
ENSG00000050405,2254,2470,2375,1721,2487,2161,2940,3222,2553,3299,3651,3762,3424
ENSG00000050426,2196,1964,1807,1926,2379,2608,2484,2460,1837,2129,2661,2761,2468
ENSG00000050438,42,132,24,35,59,55,51,101,149,109,120,78,80
ENSG00000050555,197,432,284,301,285,496,363,622,693,446,548,354,452
ENSG00000050628,93,116,49,37,65,69,79,68,76,173,76,84,89
ENSG00000050730,3,22,5,3,5,12,8,8,14,24,2,15,14
ENSG00000050748,2497,1199,1558,1380,1424,1300,1430,1130,889,1078,1552,741,958
ENSG00000050767,35,93,183,12,145,44,122,352,64,75,52,112,213
ENSG00000050820,480,1314,1777,2663,1029,353,2061,945,377,1204,1510,1131,1148
ENSG00000051009,845,1355,1645,1466,1069,946,1364,1812,1164,1388,1822,1536,1493
ENSG00000051108,6238,6345,17754,10117,7273,4656,12309,4637,3122,3711,5245,3773,4070
ENSG00000051128,411,636,354,676,342,475,372,515,454,250,472,385,404
ENSG00000051180,70,118,29,97,34,103,76,30,71,6,31,30,57
ENSG00000051341,20,46,11,27,16,23,25,14,17,0,17,20,11
ENSG00000051382,1301,677,1116,477,945,870,858,490,497,445,708,631,537
ENSG00000051523,407,1242,439,544,894,659,1041,660,838,371,1196,1341,825
ENSG00000051596,568,315,534,545,547,446,687,467,338,515,704,656,468
ENSG00000051620,7432,5292,4362,7346,5788,3755,5061,2679,3347,3134,2799,2810,2846
ENSG00000051825,317,339,292,191,365,215,348,195,327,161,379,249,233
ENSG00000052126,460,1043,915,486,1146,946,1140,990,1217,1602,2191,1489,1337
ENSG00000052344,4793,3480,5288,5046,3646,2160,4036,2430,2163,1625,2180,1469,1386
ENSG00000052723,311,488,571,477,469,527,391,319,444,597,569,547,426
ENSG00000052749,650,1038,797,856,605,477,1156,889,805,646,707,774,650
ENSG00000052795,870,365,365,713,662,718,383,435,323,495,638,388,499
ENSG00000052802,574,421,3726,495,824,293,1244,370,235,659,581,377,487
ENSG00000052841,2772,2575,4025,3085,3283,2648,3395,3116,2979,2765,3579,2863,3380
ENSG00000052850,17,28,14,10,9,86,6,13,28,0,6,0,7
ENSG00000053108,45,143,50,458,59,202,131,89,194,161,219,178,53
ENSG00000053254,2845,2055,1969,1390,2375,3093,1993,2500,2412,2839,3449,2546,2677
ENSG00000053328,2,27,49,6,26,22,5,46,70,35,80,64,44
ENSG00000053371,1758,1345,1984,1840,2209,1844,1918,1770,1199,1662,1704,1451,1521
ENSG00000053372,708,547,503,937,726,530,811,640,453,529,531,697,728
ENSG00000053438,15,62,129,29,54,119,32,173,73,122,108,148,96
ENSG00000053501,769,601,552,971,533,798,625,803,813,495,655,503,527
ENSG00000053524,86,147,233,177,152,66,161,243,174,129,258,253,239
ENSG00000053702,130,244,194,233,159,233,238,494,238,202,305,367,457
ENSG00000053747,411,978,1235,1540,838,1341,921,2442,1064,1776,1534,1391,1565
ENSG00000053770,674,676,927,688,1008,492,1147,546,602,783,873,765,795
ENSG00000053900,426,577,796,743,817,619,995,659,870,740,1395,1118,1367
ENSG00000053918,607,448,510,822,501,277,570,682,156,609,619,422,348
ENSG00000054116,1906,1463,1675,1412,2666,1856,2428,1692,1441,1338,1459,1687,2089
ENSG00000054118,3691,4749,6087,5114,4803,2926,5297,4585,3824,3090,4378,3271,4393
ENSG00000054148,2822,3541,3396,4191,3587,2309,3235,2578,1897,2254,2422,1656,1695
ENSG00000054179,297,355,741,825,331,130,405,351,201,244,333,156,214
ENSG00000054219,46,131,80,25,26,113,74,58,136,148,145,183,55
ENSG00000054267,1893,2516,2228,2326,4942,1959,4897,2300,3403,2438,2327,5421,5431
ENSG00000054277,143,272,163,162,143,326,208,176,311,139,228,310,209
ENSG00000054282,664,661,808,515,999,754,916,890,912,733,788,1130,1019
ENSG00000054356,2,15,4,1,0,47,5,10,10,74,77,7,9
ENSG00000054392,130,185,656,278,315,109,363,346,180,228,678,447,448
ENSG00000054523,1430,1108,1938,962,1962,1262,1558,1215,855,1356,1616,1327,1678
ENSG00000054598,372,611,643,487,528,1108,438,1675,1043,509,863,1831,1527
ENSG00000054611,683,927,652,573,459,526,636,983,722,881,1208,728,690
ENSG00000054654,845,2786,2091,1897,1432,1244,2359,2956,1913,2355,3574,3707,2817
ENSG00000054690,6201,3884,6780,8888,5122,5973,4766,4054,2340,2597,3349,860,2191
ENSG00000054793,2637,2345,2654,2556,2417,2525,2483,2853,2020,3301,4074,2738,2710
ENSG00000054796,0,0,0,0,0,0,0,0,0,0,0,0,0
ENSG00000054803,2,6,2,0,5,0,7,0,0,0,23,7,2
ENSG00000054938,132,808,268,423,219,71,195,790,420,63,351,75,117
ENSG00000054965,1760,2107,2055,1235,1623,1425,1784,1996,1504,1576,2834,1900,2163
ENSG00000054967,101,199,41,96,61,81,79,95,178,22,72,34,44
ENSG00000054983,314,612,1264,669,1043,544,1029,566,380,693,794,690,669
ENSG00000055044,2261,1668,1747,2412,2347,2115,2431,1990,2617,1728,1741,2121,2433
ENSG00000055070,3347,5036,4607,3883,3328,3291,3807,4189,3338,3054,5405,3252,3321
ENSG00000055118,277,851,1054,380,861,595,647,1402,841,1177,2269,1245,1133
ENSG00000055130,1617,2001,1907,1527,1599,1884,1607,1900,2147,1734,2041,1822,2075
ENSG00000055147,359,323,563,354,433,337,576,314,318,260,309,388,367
ENSG00000055163,2225,2610,799,2469,963,1544,1067,1762,3215,1050,1793,822,919
ENSG00000055208,2289,1791,3336,1582,2189,2529,2315,2394,2047,2494,3758,2460,2671
ENSG00000055211,898,692,1021,795,1025,792,946,759,666,821,931,1110,1285
ENSG00000055332,2493,2014,1925,1368,2244,2114,2568,1553,1628,1974,2232,2000,1980
ENSG00000055483,930,1957,1506,1794,1490,1191,1698,2435,1601,2111,2133,2099,2285
ENSG00000055609,2375,1460,2118,1368,1619,1580,2350,1512,1735,1885,2253,2021,1955
ENSG00000055732,45,128,128,58,77,227,52,125,359,105,117,198,90
ENSG00000055813,20,21,102,6,102,10,63,46,28,76,179,107,170
ENSG00000055917,3111,2394,2928,1804,3241,2687,2837,2328,2183,2767,3258,3233,3073
ENSG00000055950,1690,1851,2340,1425,1881,1355,2448,1741,1195,1804,1995,1849,1329
ENSG00000055955,266,386,266,306,194,337,305,668,434,218,411,326,439
ENSG00000055957,0,11,0,0,0,6,2,0,16,0,12,0,0
ENSG00000056050,170,221,256,209,555,153,414,235,207,186,200,432,505
ENSG00000056097,1477,1289,2232,1268,1783,1451,1805,1394,1242,1559,1793,1359,1533
ENSG00000056277,72,76,97,61,101,118,82,102,72,124,164,114,105
ENSG00000056291,1,0,2,0,8,0,3,5,13,0,21,0,0
ENSG00000056487,446,279,276,420,384,490,384,213,266,103,313,109,158
ENSG00000056558,385,1578,451,643,554,758,724,1293,1825,491,1270,761,1050
ENSG00000056586,1062,600,753,723,957,813,776,698,691,467,668,688,716
ENSG00000056736,728,802,421,862,565,363,446,346,330,272,329,153,319
ENSG00000056972,378,994,1697,873,1352,738,1290,1571,772,1383,1588,1464,1801
ENSG00000056998,223,282,308,231,305,170,175,368,166,161,247,120,402
ENSG00000057019,564,338,847,525,644,593,712,835,385,652,753,1005,1187
ENSG00000057149,16,16,83,2,382,9,88,86,10,153,746,74,7
ENSG00000057252,1738,986,2870,1300,2344,2111,2157,862,535,1227,1301,657,901
ENSG00000057294,440,515,888,348,392,239,694,832,428,425,644,892,427
ENSG00000057468,40,4,13,10,8,115,2,25,13,24,14,30,15
ENSG00000057593,0,62,28,20,8,13,20,71,39,8,207,18,24
ENSG00000057608,6594,4349,6135,4155,6170,5477,7013,5088,4314,4412,6510,5518,4750
ENSG00000057657,296,450,165,217,161,358,200,311,476,178,296,170,183
ENSG00000057663,542,561,1330,607,1046,691,958,676,485,512,869,821,943
ENSG00000057704,1539,801,646,265,687,879,592,391,389,279,632,341,458
ENSG00000057757,1229,1005,1702,1640,1923,1243,1660,1218,1186,1013,1044,924,1119
ENSG00000057935,1059,1468,1445,1279,1547,1334,1465,1668,1337,1211,1917,1622,1669
ENSG00000058056,533,420,447,497,700,535,428,324,423,330,495,275,465
ENSG00000058063,2595,1427,2252,2392,2249,1758,2001,1108,1036,1072,1497,981,959
ENSG00000058085,53,278,450,1390,424,119,537,827,232,502,850,835,707
ENSG00000058091,588,743,619,377,644,536,456,678,566,506,1028,619,832
ENSG00000058262,15261,11356,16498,15933,11690,8909,15630,7042,5630,5311,9064,5531,5525
ENSG00000058272,5302,5006,5468,4180,7492,6250,5504,8861,8912,7541,9579,11137,11512
ENSG00000058335,18,68,68,192,13,46,65,51,109,81,474,40,28
ENSG00000058404,749,1088,581,681,391,447,536,947,701,101,198,129,188
ENSG00000058453,195,593,345,533,466,256,798,515,381,500,535,1004,881
ENSG00000058600,2247,1948,2188,2624,1718,1298,2556,1548,1431,1369,1650,1306,1227
ENSG00000058668,2285,3983,4929,1626,4117,3973,2716,6619,5317,5666,8608,6046,5974
ENSG00000058673,3014,2878,3926,3000,3232,2972,3119,3276,3473,3466,4625,3605,3371
ENSG00000058729,289,290,370,445,588,348,500,490,332,370,494,497,636
ENSG00000058799,5253,2965,4244,3614,3033,2301,3761,1609,1414,1152,1431,930,1343
ENSG00000058804,483,393,291,463,462,379,421,324,321,302,449,406,369
ENSG00000058866,19,75,92,39,42,83,64,39,82,42,122,111,57
ENSG00000059122,608,2251,1276,1097,1689,929,1727,1729,1828,1316,1605,2066,2529
ENSG00000059145,327,812,571,789,777,452,902,659,479,614,970,1027,910
ENSG00000059377,601,584,831,310,619,528,510,215,284,66,263,86,192
ENSG00000059378,2045,2641,1588,1088,1010,1577,1953,1712,2037,1088,1594,970,1135
ENSG00000059573,3023,2487,2931,7182,2378,1656,3519,2168,1904,1801,2711,1640,1790
ENSG00000059588,1283,1880,1426,1719,2207,1020,1795,1535,1960,851,1271,1282,1329
ENSG00000059691,353,473,428,450,409,472,485,395,428,365,599,396,368
ENSG00000059728,487,530,570,284,507,426,557,407,378,490,729,521,611
ENSG00000059758,813,314,472,296,342,443,322,275,324,400,472,320,338
ENSG00000059769,447,270,447,399,557,409,576,223,214,255,266,217,349
ENSG00000059804,438,759,205,1033,344,289,377,493,1476,278,505,503,1086
ENSG00000059915,83,99,149,150,195,101,202,148,182,123,404,263,251
ENSG00000060069,225,556,651,1030,566,298,738,546,337,348,670,520,622
ENSG00000060138,2561,4168,4756,4609,4742,3347,3722,6837,4272,6071,6167,5701,5351
ENSG00000060140,252,363,564,186,327,90,636,127,123,103,115,154,109
ENSG00000060237,3841,4368,4941,1782,3481,3249,3820,3322,3282,3037,5278,3281,3479
ENSG00000060303,1,0,1,0,0,0,0,0,0,0,0,0,0
ENSG00000060339,2707,2043,2352,3322,4036,2550,3526,2369,3041,2009,1937,3773,3769
ENSG00000060491,963,1847,977,1461,929,944,1309,1257,1197,1171,1743,1474,1195
ENSG00000060558,623,336,658,517,348,297,570,342,230,346,544,474,199
ENSG00000060566,0,0,2,4,0,0,2,0,0,0,11,0,0
ENSG00000060642,738,525,832,626,783,750,835,650,376,596,788,628,574
ENSG00000060656,1270,1395,1367,804,720,938,1523,1929,1044,2592,2367,2340,1949
ENSG00000060688,1256,1102,1580,1947,1352,1318,1285,1257,1131,1127,1321,842,1072
ENSG00000060709,47,92,85,346,75,136,116,154,176,66,230,99,196
ENSG00000060718,229,76,5,31,19,43,3,15,24,56,16,20,17
ENSG00000060749,299,254,359,269,351,325,414,287,302,193,600,552,538
ENSG00000060762,1451,729,1173,936,1214,1075,1568,788,769,817,1106,969,924
ENSG00000060971,2823,2714,3992,2483,3950,2084,5545,2237,1957,1503,1897,1692,2183
ENSG00000060982,100,102,42,67,135,299,96,46,58,21,115,66,142
ENSG00000061273,1504,2981,2292,3613,1776,2031,2713,3526,2601,2757,3195,3018,3606
ENSG00000061337,139,222,121,282,99,160,136,345,185,89,248,164,248
ENSG00000061455,127,187,124,55,297,391,228,221,280,130,445,319,303
ENSG00000061492,0,0,0,0,1,0,0,0,2,0,0,0,1
ENSG00000061656,51,55,28,165,37,46,43,152,58,55,55,40,78
ENSG00000061676,2719,2433,4135,2079,3753,2759,3450,2732,2361,2857,4044,3529,3546
ENSG00000061794,1151,723,1071,545,1294,844,1391,678,619,574,780,837,827
ENSG00000061918,548,561,720,1009,500,397,518,677,562,621,647,717,700
ENSG00000061936,1109,1846,1426,1946,1440,1586,1910,2423,2040,1562,1880,2340,2552
ENSG00000061938,1139,2200,1624,2693,1476,1151,1940,2456,1422,2029,1822,1678,1380
ENSG00000061987,1273,1021,1516,1108,1326,1526,1344,962,952,892,1263,1338,1185
ENSG00000062038,765,1972,1857,737,1330,773,1732,3539,1508,1882,3089,2359,2584
ENSG00000062096,0,4,3,0,0,13,5,0,0,7,11,13,0
ENSG00000062194,1257,1409,2069,1749,2453,1422,2002,2421,1511,2239,2415,3118,2631
ENSG00000062282,277,320,273,324,98,189,123,239,186,111,231,79,90
ENSG00000062370,115,109,137,105,142,134,144,71,40,127,149,164,120
ENSG00000062485,5487,5574,6238,7454,4471,5251,6687,5988,4936,4385,5928,3766,4084
ENSG00000062524,8,41,3,37,11,0,24,26,57,6,40,23,67
ENSG00000062582,1284,752,734,1141,1497,935,1330,829,767,515,678,750,854
ENSG00000062598,2452,2491,3688,4026,2074,1960,2704,2759,1714,1866,2403,1384,2041
ENSG00000062650,727,621,741,967,911,707,945,721,772,850,1035,756,822
ENSG00000062716,4230,3297,3506,4835,3931,2768,3894,2909,2099,2149,2178,4294,2571
ENSG00000062725,1094,967,1393,794,1444,839,1142,807,735,990,1174,1130,1079
ENSG00000062822,87,556,300,337,293,174,458,369,239,405,536,600,524
ENSG00000063015,27,36,25,43,26,43,53,71,33,16,50,59,40
ENSG00000063046,6757,6863,8788,8904,10426,9008,9272,8862,8467,9321,11463,11314,11430
ENSG00000063127,55,301,315,50,161,323,149,490,439,258,461,206,325
ENSG00000063169,181,544,453,662,274,161,414,663,356,457,389,429,427
ENSG00000063176,344,741,767,721,589,481,767,653,422,559,781,557,585
ENSG00000063177,10547,20493,23187,31927,23155,16947,19602,14013,11366,23366,22914,22390,17805
ENSG00000063180,120,505,673,142,420,523,453,900,732,790,893,915,1129
ENSG00000063241,998,1258,1133,2114,1116,774,2004,860,628,1129,1728,1006,812
ENSG00000063244,2923,4516,3823,5726,2989,2837,3735,5262,4541,3744,4133,3586,3732
ENSG00000063245,1800,3868,2939,3521,2507,1252,3818,2063,1540,2074,2361,2190,2092
ENSG00000063322,2518,2855,3166,3117,1902,2105,2531,2450,1836,2461,2996,1954,2051
ENSG00000063438,139,112,125,138,128,121,149,162,100,73,124,84,102
ENSG00000063515,0,0,0,0,0,0,0,0,0,0,0,0,0
ENSG00000063587,1863,1238,1738,1885,1513,1717,1338,1794,1273,1097,1625,1101,1204
ENSG00000063601,668,1244,1264,1083,715,539,1113,1177,967,880,1680,1236,1133
ENSG00000063660,1219,4788,5661,2397,2660,1034,3265,2971,1805,3240,4878,2400,2507
ENSG00000063761,636,615,455,733,346,465,643,483,414,278,423,285,299
ENSG00000063854,1581,1193,1136,1535,1371,1368,1860,941,943,610,842,689,856
ENSG00000063978,1748,2075,2174,1917,2129,1535,2155,1784,1563,1432,2333,1588,1746
ENSG00000064012,907,1079,764,844,722,778,741,782,1027,585,755,790,557
ENSG00000064042,11344,2851,3109,2064,3298,7694,2420,2894,2510,2863,4655,2363,3807
ENSG00000064102,361,319,412,208,387,340,529,299,379,269,465,463,428
ENSG00000064115,1261,1155,1621,442,1160,1172,1315,1186,901,1076,1901,1473,1050
ENSG00000064195,41,31,56,186,26,31,55,58,6,38,90,34,67
ENSG00000064199,332,180,327,141,184,207,278,115,131,140,148,101,87
ENSG00000064201,13,212,14,65,32,46,45,109,193,15,165,75,88
ENSG00000064205,53,204,277,28,136,12,71,117,33,25,178,66,50
ENSG00000064218,0,12,0,0,0,1,0,0,6,0,0,0,0
ENSG00000064225,180,144,424,260,319,282,291,263,173,180,256,142,274
ENSG00000064270,759,1809,2192,1935,969,819,1663,2746,764,1349,1848,892,1361
ENSG00000064300,160,652,591,545,486,134,860,1120,314,1148,1585,687,658
ENSG00000064309,225,269,213,106,291,106,200,272,204,536,468,509,355
ENSG00000064313,648,793,726,613,634,559,542,479,633,743,901,562,498
ENSG00000064393,3595,4898,5570,4504,3374,1990,4078,2026,2397,1554,2320,1696,2080
ENSG00000064419,2073,2581,2226,1773,1777,1469,2160,1829,2410,1566,2367,1901,1739
ENSG00000064489,224,430,314,347,288,241,327,360,204,305,323,219,258
ENSG00000064490,1650,1283,1278,1266,1042,1309,1244,1055,1065,911,1067,970,927
ENSG00000064545,446,917,790,1766,815,456,836,616,428,601,864,703,695
ENSG00000064547,863,1011,962,1639,731,573,892,594,590,463,684,288,415
ENSG00000064601,2939,3819,2338,3031,2605,2992,3144,3722,2768,2445,3613,2291,2565
ENSG00000064607,2409,4833,4838,4699,3015,2559,3994,4499,3274,3457,4819,3743,4169
ENSG00000064651,778,494,1589,2006,1579,606,1621,1094,310,654,610,814,620
ENSG00000064652,360,215,311,230,319,286,335,178,141,133,282,262,240
ENSG00000064655,1047,2011,1633,968,1669,908,1838,2586,1500,1767,2375,2895,1788
ENSG00000064666,1633,3622,2863,1241,2067,2107,3191,4053,2997,2906,3772,3388,3439
ENSG00000064687,183,950,562,355,327,200,600,457,573,280,597,373,367
ENSG00000064692,147,501,284,197,282,181,451,735,542,567,559,593,492
ENSG00000064703,462,350,535,362,539,508,414,340,367,473,552,496,464
ENSG00000064726,1209,991,1816,1115,1175,1014,1605,844,973,1054,1418,1181,1040
ENSG00000064763,306,169,166,118,247,313,245,136,171,117,163,202,268
ENSG00000064787,3971,2317,4069,1617,1954,2141,5011,1678,934,2252,1864,1022,1635
ENSG00000064835,0,0,0,0,1,0,0,0,0,0,0,2,0
ENSG00000064886,18,160,148,44,600,75,81,198,222,22,549,38,63
ENSG00000064932,645,2201,974,1315,1079,619,1650,1578,955,962,1390,1508,1253
ENSG00000064933,337,464,518,352,515,507,523,412,609,504,579,608,596
ENSG00000064961,8847,6944,5872,7110,4170,4819,6354,2696,4192,2330,2708,1846,2185
ENSG00000064989,274,293,528,315,240,265,266,251,454,392,430,382,406
ENSG00000064995,606,553,601,587,756,459,778,568,589,637,669,702,712
ENSG00000064999,832,1338,1221,1117,1055,765,1187,1044,914,873,1829,1115,1297
ENSG00000065000,5575,7826,7358,8437,5699,4215,7133,6323,4973,4896,5881,4940,5135
ENSG00000065029,1476,2383,1965,2434,1487,1539,1899,2574,1832,1446,2029,1581,1761
ENSG00000065054,5100,4582,5789,6154,2530,3100,4121,2732,1992,2619,2440,1821,2001
ENSG00000065057,158,285,209,325,211,194,359,351,212,166,319,296,273
ENSG00000065060,773,547,668,602,621,365,805,372,483,516,568,430,433
ENSG00000065135,1691,1340,1817,1420,2406,1348,2068,1198,1262,1112,1875,2071,2060
ENSG00000065150,1927,2318,3047,2911,3676,2354,3019,2580,2244,3021,4108,3281,3135
ENSG00000065154,858,1377,2007,1271,1749,1029,1661,1878,1584,1988,2429,3035,2893
ENSG00000065183,409,328,392,505,431,316,435,268,464,300,488,383,331
ENSG00000065243,389,438,675,305,886,409,727,418,372,463,596,880,877
ENSG00000065268,399,527,646,966,1156,327,786,430,243,430,719,470,876
ENSG00000065308,1202,1213,874,1197,715,877,989,1162,809,729,1250,772,1122
ENSG00000065320,44,389,555,166,412,170,481,656,368,531,802,705,737
ENSG00000065325,24,0,2,0,2,0,6,0,8,0,15,15,5
ENSG00000065328,12,46,14,13,12,11,6,12,20,0,14,10,5
ENSG00000065357,2958,3379,1321,1151,1383,2197,2120,2291,3793,1879,2023,1504,1273
ENSG00000065361,11029,8589,7866,7975,6474,5886,7990,5444,5028,4871,4108,4526,4862
ENSG00000065371,2,3,3,29,2,4,2,2,0,0,5,2,2
ENSG00000065413,104,175,69,92,102,147,108,154,360,82,210,138,95
ENSG00000065427,4239,3525,4193,4821,4006,3917,4933,3440,3295,3185,4151,3742,3527
ENSG00000065457,499,540,738,832,519,650,585,393,342,527,668,360,343
ENSG00000065485,3121,1252,2893,4475,2807,2037,3903,1439,755,917,1106,510,993
ENSG00000065491,404,541,801,1104,471,427,610,615,473,613,681,642,652
ENSG00000065518,4903,2368,3746,4256,3583,5679,3206,3152,2261,2660,2797,2031,1769
ENSG00000065526,1932,3565,3335,2653,1750,2087,2495,4564,3211,3352,3970,2833,3172
ENSG00000065534,6967,16793,29957,4701,23864,12992,13299,24161,21138,22481,48576,30423,28014
ENSG00000065548,1922,1885,2273,1955,2941,1911,3124,2120,1926,1393,1993,2813,2650
ENSG00000065559,1102,935,1426,947,1189,899,1145,776,599,898,1165,926,856
ENSG00000065600,271,207,297,418,283,180,397,122,174,45,74,108,141
ENSG00000065609,5,35,494,173,211,32,173,27,27,18,99,52,16
ENSG00000065613,1405,1196,1450,561,1694,1249,1839,1220,1353,1545,1823,1701,1581
ENSG00000065615,198,197,203,125,345,147,267,166,194,79,201,302,217
ENSG00000065618,21,876,361,48,503,143,508,1360,934,1213,2358,949,836
ENSG00000065621,2312,1113,1831,336,1123,1394,1648,1384,681,1941,2082,1348,1467
ENSG00000065665,581,588,565,398,506,661,456,639,489,417,653,418,479
ENSG00000065675,39,152,26,55,58,107,113,139,214,54,151,116,92
ENSG00000065717,914,2593,2666,1057,1508,1257,1902,2854,1618,2628,3020,2644,2518
ENSG00000065802,496,770,691,498,784,663,921,911,880,681,1018,1224,1172
ENSG00000065809,922,1334,916,772,830,1215,1669,753,1296,950,921,1226,981
ENSG00000065833,142,162,354,86,406,229,187,244,162,162,459,193,271
ENSG00000065882,982,1400,1727,1422,1479,1462,1491,1421,1440,1482,2479,1592,2181
ENSG00000065883,1719,2210,1785,1835,1644,1993,1733,1938,2279,1873,2396,1747,1761
ENSG00000065911,1030,789,751,993,794,696,1033,633,634,432,504,382,520
ENSG00000065923,2405,783,1462,823,1389,1215,1369,712,558,826,760,664,805
ENSG00000065970,544,1061,1010,647,721,586,952,1260,1006,1245,1513,1275,1270
ENSG00000065978,11645,9685,10193,11251,9043,12098,8444,11050,10071,10499,12785,9157,7936
ENSG00000065989,251,592,827,345,355,265,412,1039,377,342,914,588,665
ENSG00000066027,1078,871,1238,637,1063,1253,1144,1008,1164,1135,1491,1255,1151
ENSG00000066032,0,6,8,4,9,44,8,42,0,10,2,3,11
ENSG00000066044,1392,1726,2180,2283,2002,1431,1976,1872,1413,1485,1910,1842,1741
ENSG00000066056,352,583,706,546,488,305,663,947,757,637,689,602,1153
ENSG00000066084,889,635,657,949,822,585,792,461,525,475,889,590,626
ENSG00000066117,1241,2040,1900,2194,1490,1434,1597,2492,1555,1716,2093,1721,1685
ENSG00000066135,1174,1875,1820,1759,1554,1061,2173,1367,1071,1126,1866,1518,1557
ENSG00000066136,1625,2329,2256,2130,1562,1838,2223,2213,1746,2386,3121,1982,1816
ENSG00000066185,203,117,141,292,210,140,119,120,91,162,143,80,60
ENSG00000066230,65,93,93,409,118,62,119,205,118,104,345,145,123
ENSG00000066248,18,18,87,149,50,39,59,97,17,66,93,61,102
ENSG00000066279,57,94,14,77,55,11,33,15,60,0,12,5,17
ENSG00000066294,614,947,86,190,335,1189,392,265,1036,74,515,222,242
ENSG00000066322,3972,3460,4570,3320,3134,2721,3632,2794,2287,2037,2554,1405,1916
ENSG00000066336,508,940,164,312,366,714,368,504,738,195,653,88,289
ENSG00000066379,346,298,377,543,482,366,540,572,451,431,453,573,473
ENSG00000066382,1726,553,1344,165,991,1560,1339,934,431,2181,1670,2397,1561
ENSG00000066405,3,1,3,0,1,4,4,0,28,0,5,14,7
ENSG00000066422,293,379,528,299,478,340,470,286,341,409,402,503,421
ENSG00000066427,1049,1213,1145,1277,1322,1524,1290,1793,1556,1333,1679,2069,1918
ENSG00000066455,2141,1359,2150,1999,1786,1430,1941,1016,1094,1112,1549,1018,950
ENSG00000066468,102,1108,1924,178,1321,668,1796,2477,1180,2408,3203,4497,3071
ENSG00000066557,169,222,264,176,274,79,227,140,147,178,194,240,199
ENSG00000066583,430,879,1163,926,832,437,1088,520,635,752,1021,875,921
ENSG00000066629,567,490,683,518,573,495,507,534,434,307,797,474,478
ENSG00000066651,151,235,241,115,242,105,229,260,237,201,275,282,405
ENSG00000066654,1612,1101,2521,1437,2856,1622,2805,1375,1212,1403,1907,1955,1932
ENSG00000066697,476,296,356,406,384,396,341,361,314,253,456,336,361
ENSG00000066735,12,65,33,58,23,13,65,22,37,52,61,110,109
ENSG00000066739,1026,878,1091,854,1078,1124,885,705,802,894,1180,942,1086
ENSG00000066777,987,1254,1497,718,1017,645,1222,891,1157,1083,1246,1133,1141
ENSG00000066813,6,3,0,0,1,0,4,1,0,0,15,0,3
ENSG00000066827,217,404,385,299,312,187,398,382,334,259,471,236,270
ENSG00000066855,362,341,494,321,360,195,487,267,221,281,312,360,250
ENSG00000066923,357,733,177,258,245,390,297,286,597,220,474,329,294
ENSG00000066926,1431,2828,1427,773,943,578,1374,487,723,435,764,451,596
ENSG00000066933,1748,1516,1577,1108,1949,1633,1534,1900,1438,1993,2369,2439,2115
ENSG00000067048,298,835,1100,824,1159,591,1069,898,1151,1204,1541,1623,1554
ENSG00000067057,1845,3148,2027,1667,1639,1809,3196,3631,3026,2184,3590,3152,2422
ENSG00000067064,1584,1318,6926,1123,2387,828,4855,859,882,1027,939,875,1091
ENSG00000067066,1997,1970,1845,1065,1700,1745,2513,1806,2435,1442,2237,2733,2625
ENSG00000067082,2828,2171,978,3844,1710,3344,1872,2948,4241,2009,2621,6955,3298
ENSG00000067113,8226,9246,29464,15459,18380,5293,12611,7170,3929,4506,7143,2174,3646
ENSG00000067141,5285,5217,6864,2310,5558,2530,6058,3835,2684,3231,4941,3336,4607
ENSG00000067167,2278,3138,4658,1816,3243,1682,3817,2031,1928,2350,2897,2266,2959